{
  "info": {
    "_postman_id": "d68eae34-9fd3-41a8-b5d6-330d6c1e7b57",
    "name": "Employee Registry API",
    "schema": "https://schema.getpostman.com/json/collection/v2.1.0/collection.json"
  },
  "item": [
    {
      "name": "Employees",
      "item": [
        {
          "name": "Get All Employees",
          "request": {
            "method": "GET",
            "header": [],
            "url": {
              "raw": "http://localhost:3000/employee",
              "protocol": "http",
              "host": ["localhost"],
              "port": "3000",
              "path": ["employee"]
            }
          }
        },
        {
          "name": "Get All Employees with Full Details",
          "request": {
            "method": "GET",
            "header": [],
            "url": {
              "raw": "http://localhost:3000/employee?full=true",
              "protocol": "http",
              "host": ["localhost"],
              "port": "3000",
              "path": ["employee"],
              "query": [
                {
                  "key": "full",
                  "value": "true"
                }
              ]
            }
          }
        }
      ]
    },
    {
      "name": "Roles",
      "item": [
        {
          "name": "Get All Roles",
          "request": {
            "method": "GET",
            "header": [],
            "url": {
              "raw": "http://localhost:3000/role",
              "protocol": "http",
              "host": ["localhost"],
              "port": "3000",
              "path": ["role"]
            }
          }
        },
        {
          "name": "Get All Roles with Employees",
          "request": {
            "method": "GET",
            "header": [],
            "url": {
              "raw": "http://localhost:3000/role?full=true",
              "protocol": "http",
              "host": ["localhost"],
              "port": "3000",
              "path": ["role"],
              "query": [
                {
                  "key": "full",
                  "value": "true"
                }
              ]
            }
          }
        },
        {
          "name": "Get Employees by Role ID",
          "request": {
            "method": "GET",
            "header": [],
            "url": {
              "raw": "http://localhost:3000/role/:id/employees",
              "protocol": "http",
              "host": ["localhost"],
              "port": "3000",
              "path": ["role", ":id", "employees"],
              "variable": [
                {
                  "key": "id",
                  "value": "roleId"
                }
              ]
            }
          }
        }
      ]
    },
    {
      "name": "Offices",
      "item": [
        {
          "name": "Get All Offices",
          "request": {
            "method": "GET",
            "header": [],
            "url": {
              "raw": "http://localhost:3000/office",
              "protocol": "http",
              "host": ["localhost"],
              "port": "3000",
              "path": ["office"]
            }
          }
        },
        {
          "name": "Get Employees by Office ID",
          "request": {
            "method": "GET",
            "header": [],
            "url": {
              "raw": "http://localhost:3000/office/:id/employees",
              "protocol": "http",
              "host": ["localhost"],
              "port": "3000",
              "path": ["office", ":id", "employees"],
              "variable": [
                {
                  "key": "id",
                  "value": "officeId"
                }
              ]
            }
          }
        }
      ]
    }
  ]
}
