[
  {
    "name": "Sunny Seaside Escape",
    "summary": "A cozy cottage with a beautiful garden.",
    "size": 120,
    "description": "This charming cottage offers a peaceful retreat with all modern amenities.",
    "minimum_nights": "2",
    "maximum_nights": "18",
    "bedrooms": 3,
    "beds": 2,
    "bathrooms": 1,
    "price": 154,
    "security_deposit": 299,
    "cleaning_fee": 89
  },
  {
    "name": "Cozy Mountain Cabin",
    "summary": "A sleek and modern apartment in the city center.",
    "size": 104,
    "description": "Enjoy your stay in this modern apartment with easy access to public transport.",
    "minimum_nights": "2",
    "maximum_nights": "51",
    "bedrooms": 3,
    "beds": 2,
    "bathrooms": 3,
    "price": 123,
    "security_deposit": 447,
    "cleaning_fee": 71
  },
  {
    "name": "Downtown Loft Retreat",
    "summary": "A luxurious villa with a private pool.",
    "size": 113,
    "description": "Experience luxury in this spacious villa with stunning views.",
    "minimum_nights": "2",
    "maximum_nights": "45",
    "bedrooms": 4,
    "beds": 5,
    "bathrooms": 2,
    "price": 188,
    "security_deposit": 310,
    "cleaning_fee": 31
  },
  {
    "name": "Lakeside Cottage Haven",
    "summary": "A rustic cabin surrounded by nature.",
    "size": 74,
    "description": "Escape to this rustic cabin and enjoy the tranquility of nature.",
    "minimum_nights": "1",
    "maximum_nights": "20",
    "bedrooms": 5,
    "beds": 2,
    "bathrooms": 2,
    "price": 261,
    "security_deposit": 410,
    "cleaning_fee": 85
  },
  {
    "name": "Charming Country House",
    "summary": "A beachfront condo with stunning ocean views.",
    "size": 165,
    "description": "Wake up to the sound of waves in this beautiful beachfront condo.",
    "minimum_nights": "1",
    "maximum_nights": "33",
    "bedrooms": 4,
    "beds": 4,
    "bathrooms": 3,
    "price": 211,
    "security_deposit": 304,
    "cleaning_fee": 42
  },
  {
    "name": "Modern Urban Apartment",
    "summary": "A cozy lodge in the mountains.",
    "size": 163,
    "description": "Perfect for a winter getaway, this lodge offers stunning mountain views.",
    "minimum_nights": "2",
    "maximum_nights": "14",
    "bedrooms": 2,
    "beds": 5,
    "bathrooms": 2,
    "price": 86,
    "security_deposit": 218,
    "cleaning_fee": 82
  },
  {
    "name": "Rustic Woodland Bungalow",
    "summary": "A compact and efficient studio in the heart of the city.",
    "size": 80,
    "description": "Ideal for solo travelers or couples, this studio offers all essentials.",
    "minimum_nights": "1",
    "maximum_nights": "40",
    "bedrooms": 3,
    "beds": 5,
    "bathrooms": 1,
    "price": 184,
    "security_deposit": 280,
    "cleaning_fee": 42
  },
  {
    "name": "Secluded Desert Oasis",
    "summary": "A charming country house with a large garden.",
    "size": 47,
    "description": "Relax in this spacious country house with beautiful surroundings.",
    "minimum_nights": "2",
    "maximum_nights": "36",
    "bedrooms": 2,
    "beds": 6,
    "bathrooms": 3,
    "price": 184,
    "security_deposit": 340,
    "cleaning_fee": 33
  },
  {
    "name": "Luxurious Beachfront Villa",
    "summary": "A stylish loft in the downtown area.",
    "size": 57,
    "description": "Stay in this trendy loft with easy access to restaurants and shops.",
    "minimum_nights": "2",
    "maximum_nights": "16",
    "bedrooms": 1,
    "beds": 1,
    "bathrooms": 1,
    "price": 167,
    "security_deposit": 450,
    "cleaning_fee": 90
  },
  {
    "name": "Historic City Center Flat",
    "summary": "A cozy bungalow near the beach.",
    "size": 108,
    "description": "Enjoy a relaxing stay in this bungalow with easy beach access.",
    "minimum_nights": "2",
    "maximum_nights": "57",
    "bedrooms": 4,
    "beds": 2,
    "bathrooms": 3,
    "price": 147,
    "security_deposit": 312,
    "cleaning_fee": 99
  },
  {
    "name": "Elegant Garden Suite",
    "summary": "A cozy cottage with a beautiful garden.",
    "size": 155,
    "description": "This charming cottage offers a peaceful retreat with all modern amenities.",
    "minimum_nights": "3",
    "maximum_nights": "39",
    "bedrooms": 4,
    "beds": 3,
    "bathrooms": 3,
    "price": 92,
    "security_deposit": 114,
    "cleaning_fee": 34
  },
  {
    "name": "Artistic Studio Apartment",
    "summary": "A sleek and modern apartment in the city center.",
    "size": 142,
    "description": "Enjoy your stay in this modern apartment with easy access to public transport.",
    "minimum_nights": "2",
    "maximum_nights": "48",
    "bedrooms": 4,
    "beds": 1,
    "bathrooms": 1,
    "price": 191,
    "security_deposit": 444,
    "cleaning_fee": 44
  },
  {
    "name": "Vintage Farmhouse Getaway",
    "summary": "A luxurious villa with a private pool.",
    "size": 200,
    "description": "Experience luxury in this spacious villa with stunning views.",
    "minimum_nights": "2",
    "maximum_nights": "40",
    "bedrooms": 2,
    "beds": 4,
    "bathrooms": 3,
    "price": 92,
    "security_deposit": 371,
    "cleaning_fee": 58
  },
  {
    "name": "Scenic Riverfront Cottage",
    "summary": "A rustic cabin surrounded by nature.",
    "size": 79,
    "description": "Escape to this rustic cabin and enjoy the tranquility of nature.",
    "minimum_nights": "1",
    "maximum_nights": "49",
    "bedrooms": 1,
    "beds": 4,
    "bathrooms": 3,
    "price": 269,
    "security_deposit": 356,
    "cleaning_fee": 75
  },
  {
    "name": "Stylish High-Rise Condo",
    "summary": "A beachfront condo with stunning ocean views.",
    "size": 76,
    "description": "Wake up to the sound of waves in this beautiful beachfront condo.",
    "minimum_nights": "2",
    "maximum_nights": "30",
    "bedrooms": 4,
    "beds": 6,
    "bathrooms": 2,
    "price": 183,
    "security_deposit": 264,
    "cleaning_fee": 96
  },
  {
    "name": "Peaceful Countryside Retreat",
    "summary": "A cozy lodge in the mountains.",
    "size": 120,
    "description": "Perfect for a winter getaway, this lodge offers stunning mountain views.",
    "minimum_nights": "3",
    "maximum_nights": "37",
    "bedrooms": 1,
    "beds": 1,
    "bathrooms": 2,
    "price": 210,
    "security_deposit": 431,
    "cleaning_fee": 62
  },
  {
    "name": "Chic Downtown Penthouse",
    "summary": "A compact and efficient studio in the heart of the city.",
    "size": 172,
    "description": "Ideal for solo travelers or couples, this studio offers all essentials.",
    "minimum_nights": "1",
    "maximum_nights": "29",
    "bedrooms": 4,
    "beds": 2,
    "bathrooms": 2,
    "price": 206,
    "security_deposit": 355,
    "cleaning_fee": 59
  },
  {
    "name": "Romantic Forest Hideaway",
    "summary": "A charming country house with a large garden.",
    "size": 156,
    "description": "Relax in this spacious country house with beautiful surroundings.",
    "minimum_nights": "3",
    "maximum_nights": "15",
    "bedrooms": 4,
    "beds": 1,
    "bathrooms": 2,
    "price": 252,
    "security_deposit": 334,
    "cleaning_fee": 99
  },
  {
    "name": "Trendy Industrial Loft",
    "summary": "A stylish loft in the downtown area.",
    "size": 93,
    "description": "Stay in this trendy loft with easy access to restaurants and shops.",
    "minimum_nights": "2",
    "maximum_nights": "42",
    "bedrooms": 1,
    "beds": 2,
    "bathrooms": 2,
    "price": 281,
    "security_deposit": 129,
    "cleaning_fee": 88
  },
  {
    "name": "Serene Mountain Chalet",
    "summary": "A cozy bungalow near the beach.",
    "size": 181,
    "description": "Enjoy a relaxing stay in this bungalow with easy beach access.",
    "minimum_nights": "2",
    "maximum_nights": "19",
    "bedrooms": 4,
    "beds": 2,
    "bathrooms": 3,
    "price": 105,
    "security_deposit": 449,
    "cleaning_fee": 82
  },
  {
    "name": "Sunny Coastal Bungalow",
    "summary": "A cozy cottage with a beautiful garden.",
    "size": 198,
    "description": "This charming cottage offers a peaceful retreat with all modern amenities.",
    "minimum_nights": "3",
    "maximum_nights": "14",
    "bedrooms": 1,
    "beds": 1,
    "bathrooms": 2,
    "price": 159,
    "security_deposit": 284,
    "cleaning_fee": 98
  },
  {
    "name": "Modern Suburban Home",
    "summary": "A sleek and modern apartment in the city center.",
    "size": 124,
    "description": "Enjoy your stay in this modern apartment with easy access to public transport.",
    "minimum_nights": "2",
    "maximum_nights": "44",
    "bedrooms": 4,
    "beds": 1,
    "bathrooms": 3,
    "price": 120,
    "security_deposit": 125,
    "cleaning_fee": 46
  },
  {
    "name": "Charming Village Inn",
    "summary": "A luxurious villa with a private pool.",
    "size": 44,
    "description": "Experience luxury in this spacious villa with stunning views.",
    "minimum_nights": "1",
    "maximum_nights": "38",
    "bedrooms": 5,
    "beds": 2,
    "bathrooms": 1,
    "price": 122,
    "security_deposit": 445,
    "cleaning_fee": 65
  },
  {
    "name": "Spacious Family House",
    "summary": "A rustic cabin surrounded by nature.",
    "size": 67,
    "description": "Escape to this rustic cabin and enjoy the tranquility of nature.",
    "minimum_nights": "2",
    "maximum_nights": "50",
    "bedrooms": 4,
    "beds": 3,
    "bathrooms": 2,
    "price": 117,
    "security_deposit": 133,
    "cleaning_fee": 83
  },
  {
    "name": "Urban Boutique Loft",
    "summary": "A beachfront condo with stunning ocean views.",
    "size": 128,
    "description": "Wake up to the sound of waves in this beautiful beachfront condo.",
    "minimum_nights": "2",
    "maximum_nights": "36",
    "bedrooms": 0,
    "beds": 5,
    "bathrooms": 2,
    "price": 201,
    "security_deposit": 330,
    "cleaning_fee": 51
  },
  {
    "name": "Cozy Lakeside Lodge",
    "summary": "A cozy lodge in the mountains.",
    "size": 173,
    "description": "Perfect for a winter getaway, this lodge offers stunning mountain views.",
    "minimum_nights": "3",
    "maximum_nights": "40",
    "bedrooms": 0,
    "beds": 4,
    "bathrooms": 1,
    "price": 222,
    "security_deposit": 130,
    "cleaning_fee": 86
  },
  {
    "name": "Quaint Country Cottage",
    "summary": "A compact and efficient studio in the heart of the city.",
    "size": 75,
    "description": "Ideal for solo travelers or couples, this studio offers all essentials.",
    "minimum_nights": "1",
    "maximum_nights": "18",
    "bedrooms": 4,
    "beds": 2,
    "bathrooms": 1,
    "price": 211,
    "security_deposit": 361,
    "cleaning_fee": 88
  },
  {
    "name": "Beachside Garden Apartment",
    "summary": "A charming country house with a large garden.",
    "size": 128,
    "description": "Relax in this spacious country house with beautiful surroundings.",
    "minimum_nights": "2",
    "maximum_nights": "59",
    "bedrooms": 3,
    "beds": 5,
    "bathrooms": 3,
    "price": 181,
    "security_deposit": 247,
    "cleaning_fee": 30
  },
  {
    "name": "Eco-Friendly Tiny House",
    "summary": "A stylish loft in the downtown area.",
    "size": 43,
    "description": "Stay in this trendy loft with easy access to restaurants and shops.",
    "minimum_nights": "1",
    "maximum_nights": "37",
    "bedrooms": 2,
    "beds": 1,
    "bathrooms": 1,
    "price": 220,
    "security_deposit": 351,
    "cleaning_fee": 98
  },
  {
    "name": "Elegant Downtown Studio",
    "summary": "A cozy bungalow near the beach.",
    "size": 173,
    "description": "Enjoy a relaxing stay in this bungalow with easy beach access.",
    "minimum_nights": "2",
    "maximum_nights": "20",
    "bedrooms": 1,
    "beds": 6,
    "bathrooms": 2,
    "price": 212,
    "security_deposit": 120,
    "cleaning_fee": 35
  },
  {
    "name": "Idyllic Countryside Barn",
    "summary": "A cozy cottage with a beautiful garden.",
    "size": 100,
    "description": "This charming cottage offers a peaceful retreat with all modern amenities.",
    "minimum_nights": "2",
    "maximum_nights": "19",
    "bedrooms": 3,
    "beds": 2,
    "bathrooms": 2,
    "price": 159,
    "security_deposit": 235,
    "cleaning_fee": 41
  },
  {
    "name": "Luxury City Center Condo",
    "summary": "A sleek and modern apartment in the city center.",
    "size": 169,
    "description": "Enjoy your stay in this modern apartment with easy access to public transport.",
    "minimum_nights": "3",
    "maximum_nights": "44",
    "bedrooms": 5,
    "beds": 2,
    "bathrooms": 2,
    "price": 162,
    "security_deposit": 346,
    "cleaning_fee": 75
  },
  {
    "name": "Modern Beachfront Condo",
    "summary": "A luxurious villa with a private pool.",
    "size": 178,
    "description": "Experience luxury in this spacious villa with stunning views.",
    "minimum_nights": "3",
    "maximum_nights": "56",
    "bedrooms": 4,
    "beds": 3,
    "bathrooms": 1,
    "price": 93,
    "security_deposit": 273,
    "cleaning_fee": 96
  },
  {
    "name": "Rustic Lake Cabin",
    "summary": "A rustic cabin surrounded by nature.",
    "size": 158,
    "description": "Escape to this rustic cabin and enjoy the tranquility of nature.",
    "minimum_nights": "2",
    "maximum_nights": "56",
    "bedrooms": 0,
    "beds": 1,
    "bathrooms": 3,
    "price": 110,
    "security_deposit": 193,
    "cleaning_fee": 38
  },
  {
    "name": "Secluded Treehouse Retreat",
    "summary": "A beachfront condo with stunning ocean views.",
    "size": 50,
    "description": "Wake up to the sound of waves in this beautiful beachfront condo.",
    "minimum_nights": "2",
    "maximum_nights": "17",
    "bedrooms": 0,
    "beds": 5,
    "bathrooms": 3,
    "price": 196,
    "security_deposit": 314,
    "cleaning_fee": 35
  },
  {
    "name": "Historic Victorian Home",
    "summary": "A cozy lodge in the mountains.",
    "size": 123,
    "description": "Perfect for a winter getaway, this lodge offers stunning mountain views.",
    "minimum_nights": "1",
    "maximum_nights": "27",
    "bedrooms": 2,
    "beds": 4,
    "bathrooms": 2,
    "price": 188,
    "security_deposit": 109,
    "cleaning_fee": 72
  },
  {
    "name": "Sunny Rooftop Apartment",
    "summary": "A compact and efficient studio in the heart of the city.",
    "size": 85,
    "description": "Ideal for solo travelers or couples, this studio offers all essentials.",
    "minimum_nights": "2",
    "maximum_nights": "52",
    "bedrooms": 4,
    "beds": 5,
    "bathrooms": 3,
    "price": 256,
    "security_deposit": 221,
    "cleaning_fee": 74
  },
  {
    "name": "Cozy River Cabin",
    "summary": "A charming country house with a large garden.",
    "size": 128,
    "description": "Relax in this spacious country house with beautiful surroundings.",
    "minimum_nights": "3",
    "maximum_nights": "10",
    "bedrooms": 3,
    "beds": 5,
    "bathrooms": 2,
    "price": 200,
    "security_deposit": 443,
    "cleaning_fee": 49
  },
  {
    "name": "Urban Minimalist Loft",
    "summary": "A stylish loft in the downtown area.",
    "size": 180,
    "description": "Stay in this trendy loft with easy access to restaurants and shops.",
    "minimum_nights": "3",
    "maximum_nights": "19",
    "bedrooms": 2,
    "beds": 1,
    "bathrooms": 3,
    "price": 131,
    "security_deposit": 407,
    "cleaning_fee": 67
  },
  {
    "name": "Charming Coastal Cottage",
    "summary": "A cozy bungalow near the beach.",
    "size": 186,
    "description": "Enjoy a relaxing stay in this bungalow with easy beach access.",
    "minimum_nights": "3",
    "maximum_nights": "49",
    "bedrooms": 1,
    "beds": 6,
    "bathrooms": 3,
    "price": 190,
    "security_deposit": 479,
    "cleaning_fee": 59
  },
  {
    "name": "Mountain View Lodge",
    "summary": "A cozy cottage with a beautiful garden.",
    "size": 112,
    "description": "This charming cottage offers a peaceful retreat with all modern amenities.",
    "minimum_nights": "2",
    "maximum_nights": "56",
    "bedrooms": 3,
    "beds": 3,
    "bathrooms": 2,
    "price": 263,
    "security_deposit": 225,
    "cleaning_fee": 93
  },
  {
    "name": "Beachside Bungalow",
    "summary": "A sleek and modern apartment in the city center.",
    "size": 48,
    "description": "Enjoy your stay in this modern apartment with easy access to public transport.",
    "minimum_nights": "2",
    "maximum_nights": "48",
    "bedrooms": 2,
    "beds": 5,
    "bathrooms": 1,
    "price": 154,
    "security_deposit": 209,
    "cleaning_fee": 31
  },
  {
    "name": "Scenic Country Cabin",
    "summary": "A luxurious villa with a private pool.",
    "size": 50,
    "description": "Experience luxury in this spacious villa with stunning views.",
    "minimum_nights": "1",
    "maximum_nights": "39",
    "bedrooms": 2,
    "beds": 1,
    "bathrooms": 3,
    "price": 220,
    "security_deposit": 169,
    "cleaning_fee": 71
  },
  {
    "name": "Downtown Designer Loft",
    "summary": "A rustic cabin surrounded by nature.",
    "size": 128,
    "description": "Escape to this rustic cabin and enjoy the tranquility of nature.",
    "minimum_nights": "3",
    "maximum_nights": "16",
    "bedrooms": 1,
    "beds": 6,
    "bathrooms": 3,
    "price": 90,
    "security_deposit": 303,
    "cleaning_fee": 76
  },
  {
    "name": "Luxurious City Penthouse",
    "summary": "A beachfront condo with stunning ocean views.",
    "size": 185,
    "description": "Wake up to the sound of waves in this beautiful beachfront condo.",
    "minimum_nights": "2",
    "maximum_nights": "30",
    "bedrooms": 0,
    "beds": 2,
    "bathrooms": 2,
    "price": 179,
    "security_deposit": 272,
    "cleaning_fee": 55
  },
  {
    "name": "Rustic Forest Cabin",
    "summary": "A cozy lodge in the mountains.",
    "size": 154,
    "description": "Perfect for a winter getaway, this lodge offers stunning mountain views.",
    "minimum_nights": "2",
    "maximum_nights": "17",
    "bedrooms": 0,
    "beds": 5,
    "bathrooms": 1,
    "price": 252,
    "security_deposit": 214,
    "cleaning_fee": 67
  },
  {
    "name": "Elegant Country Estate",
    "summary": "A compact and efficient studio in the heart of the city.",
    "size": 150,
    "description": "Ideal for solo travelers or couples, this studio offers all essentials.",
    "minimum_nights": "1",
    "maximum_nights": "36",
    "bedrooms": 5,
    "beds": 3,
    "bathrooms": 3,
    "price": 115,
    "security_deposit": 166,
    "cleaning_fee": 50
  },
  {
    "name": "Chic Urban Flat",
    "summary": "A charming country house with a large garden.",
    "size": 165,
    "description": "Relax in this spacious country house with beautiful surroundings.",
    "minimum_nights": "1",
    "maximum_nights": "29",
    "bedrooms": 2,
    "beds": 5,
    "bathrooms": 3,
    "price": 127,
    "security_deposit": 140,
    "cleaning_fee": 94
  },
  {
    "name": "Cozy Winter Chalet",
    "summary": "A stylish loft in the downtown area.",
    "size": 127,
    "description": "Stay in this trendy loft with easy access to restaurants and shops.",
    "minimum_nights": "3",
    "maximum_nights": "29",
    "bedrooms": 1,
    "beds": 2,
    "bathrooms": 1,
    "price": 94,
    "security_deposit": 399,
    "cleaning_fee": 43
  },
  {
    "name": "Seaside Retreat House",
    "summary": "A cozy bungalow near the beach.",
    "size": 97,
    "description": "Enjoy a relaxing stay in this bungalow with easy beach access.",
    "minimum_nights": "3",
    "maximum_nights": "37",
    "bedrooms": 0,
    "beds": 6,
    "bathrooms": 2,
    "price": 197,
    "security_deposit": 232,
    "cleaning_fee": 68
  },
  {
    "name": "Historic Downtown House",
    "summary": "A cozy cottage with a beautiful garden.",
    "size": 164,
    "description": "This charming cottage offers a peaceful retreat with all modern amenities.",
    "minimum_nights": "2",
    "maximum_nights": "37",
    "bedrooms": 3,
    "beds": 6,
    "bathrooms": 1,
    "price": 205,
    "security_deposit": 435,
    "cleaning_fee": 44
  },
  {
    "name": "Modern Garden Villa",
    "summary": "A sleek and modern apartment in the city center.",
    "size": 54,
    "description": "Enjoy your stay in this modern apartment with easy access to public transport.",
    "minimum_nights": "2",
    "maximum_nights": "39",
    "bedrooms": 4,
    "beds": 6,
    "bathrooms": 2,
    "price": 98,
    "security_deposit": 174,
    "cleaning_fee": 31
  },
  {
    "name": "Charming Beach Cottage",
    "summary": "A luxurious villa with a private pool.",
    "size": 74,
    "description": "Experience luxury in this spacious villa with stunning views.",
    "minimum_nights": "1",
    "maximum_nights": "53",
    "bedrooms": 5,
    "beds": 2,
    "bathrooms": 3,
    "price": 194,
    "security_deposit": 466,
    "cleaning_fee": 95
  },
  {
    "name": "Trendy City Loft",
    "summary": "A rustic cabin surrounded by nature.",
    "size": 174,
    "description": "Escape to this rustic cabin and enjoy the tranquility of nature.",
    "minimum_nights": "3",
    "maximum_nights": "18",
    "bedrooms": 1,
    "beds": 5,
    "bathrooms": 2,
    "price": 294,
    "security_deposit": 428,
    "cleaning_fee": 54
  },
  {
    "name": "Luxurious Mountain Villa",
    "summary": "A beachfront condo with stunning ocean views.",
    "size": 199,
    "description": "Wake up to the sound of waves in this beautiful beachfront condo.",
    "minimum_nights": "1",
    "maximum_nights": "59",
    "bedrooms": 4,
    "beds": 1,
    "bathrooms": 2,
    "price": 133,
    "security_deposit": 355,
    "cleaning_fee": 48
  },
  {
    "name": "Quaint Lakeside Cottage",
    "summary": "A cozy lodge in the mountains.",
    "size": 146,
    "description": "Perfect for a winter getaway, this lodge offers stunning mountain views.",
    "minimum_nights": "2",
    "maximum_nights": "14",
    "bedrooms": 5,
    "beds": 2,
    "bathrooms": 2,
    "price": 172,
    "security_deposit": 457,
    "cleaning_fee": 96
  },
  {
    "name": "Sunny Garden Flat",
    "summary": "A compact and efficient studio in the heart of the city.",
    "size": 188,
    "description": "Ideal for solo travelers or couples, this studio offers all essentials.",
    "minimum_nights": "2",
    "maximum_nights": "53",
    "bedrooms": 2,
    "beds": 6,
    "bathrooms": 1,
    "price": 154,
    "security_deposit": 121,
    "cleaning_fee": 70
  },
  {
    "name": "Cozy Cottage in the Woods",
    "summary": "A charming country house with a large garden.",
    "size": 128,
    "description": "Relax in this spacious country house with beautiful surroundings.",
    "minimum_nights": "1",
    "maximum_nights": "32",
    "bedrooms": 2,
    "beds": 6,
    "bathrooms": 3,
    "price": 108,
    "security_deposit": 222,
    "cleaning_fee": 31
  },
  {
    "name": "Urban Chic Apartment",
    "summary": "A stylish loft in the downtown area.",
    "size": 85,
    "description": "Stay in this trendy loft with easy access to restaurants and shops.",
    "minimum_nights": "1",
    "maximum_nights": "19",
    "bedrooms": 3,
    "beds": 1,
    "bathrooms": 2,
    "price": 227,
    "security_deposit": 210,
    "cleaning_fee": 90
  },
  {
    "name": "Secluded Beach House",
    "summary": "A cozy bungalow near the beach.",
    "size": 64,
    "description": "Enjoy a relaxing stay in this bungalow with easy beach access.",
    "minimum_nights": "2",
    "maximum_nights": "43",
    "bedrooms": 4,
    "beds": 6,
    "bathrooms": 2,
    "price": 214,
    "security_deposit": 361,
    "cleaning_fee": 87
  },
  {
    "name": "Mountain Retreat Cabin",
    "summary": "A cozy cottage with a beautiful garden.",
    "size": 122,
    "description": "This charming cottage offers a peaceful retreat with all modern amenities.",
    "minimum_nights": "2",
    "maximum_nights": "32",
    "bedrooms": 2,
    "beds": 2,
    "bathrooms": 1,
    "price": 247,
    "security_deposit": 218,
    "cleaning_fee": 61
  },
  {
    "name": "Rustic Countryside Home",
    "summary": "A sleek and modern apartment in the city center.",
    "size": 185,
    "description": "Enjoy your stay in this modern apartment with easy access to public transport.",
    "minimum_nights": "1",
    "maximum_nights": "19",
    "bedrooms": 3,
    "beds": 4,
    "bathrooms": 3,
    "price": 195,
    "security_deposit": 254,
    "cleaning_fee": 66
  },
  {
    "name": "Downtown Modern Loft",
    "summary": "A luxurious villa with a private pool.",
    "size": 118,
    "description": "Experience luxury in this spacious villa with stunning views.",
    "minimum_nights": "2",
    "maximum_nights": "15",
    "bedrooms": 4,
    "beds": 4,
    "bathrooms": 1,
    "price": 190,
    "security_deposit": 377,
    "cleaning_fee": 50
  },
  {
    "name": "Elegant Coastal Villa",
    "summary": "A rustic cabin surrounded by nature.",
    "size": 43,
    "description": "Escape to this rustic cabin and enjoy the tranquility of nature.",
    "minimum_nights": "1",
    "maximum_nights": "15",
    "bedrooms": 3,
    "beds": 6,
    "bathrooms": 2,
    "price": 209,
    "security_deposit": 412,
    "cleaning_fee": 30
  },
  {
    "name": "Charming Riverside Bungalow",
    "summary": "A beachfront condo with stunning ocean views.",
    "size": 115,
    "description": "Wake up to the sound of waves in this beautiful beachfront condo.",
    "minimum_nights": "3",
    "maximum_nights": "56",
    "bedrooms": 1,
    "beds": 3,
    "bathrooms": 1,
    "price": 299,
    "security_deposit": 103,
    "cleaning_fee": 82
  },
  {
    "name": "Scenic Woodland Retreat",
    "summary": "A cozy lodge in the mountains.",
    "size": 111,
    "description": "Perfect for a winter getaway, this lodge offers stunning mountain views.",
    "minimum_nights": "3",
    "maximum_nights": "16",
    "bedrooms": 4,
    "beds": 5,
    "bathrooms": 1,
    "price": 228,
    "security_deposit": 146,
    "cleaning_fee": 54
  },
  {
    "name": "Beachfront Paradise",
    "summary": "A compact and efficient studio in the heart of the city.",
    "size": 46,
    "description": "Ideal for solo travelers or couples, this studio offers all essentials.",
    "minimum_nights": "1",
    "maximum_nights": "49",
    "bedrooms": 5,
    "beds": 6,
    "bathrooms": 1,
    "price": 259,
    "security_deposit": 364,
    "cleaning_fee": 55
  },
  {
    "name": "Cozy Mountain Lodge",
    "summary": "A charming country house with a large garden.",
    "size": 154,
    "description": "Relax in this spacious country house with beautiful surroundings.",
    "minimum_nights": "3",
    "maximum_nights": "46",
    "bedrooms": 4,
    "beds": 3,
    "bathrooms": 1,
    "price": 80,
    "security_deposit": 214,
    "cleaning_fee": 55
  },
  {
    "name": "Luxurious Country House",
    "summary": "A stylish loft in the downtown area.",
    "size": 67,
    "description": "Stay in this trendy loft with easy access to restaurants and shops.",
    "minimum_nights": "1",
    "maximum_nights": "12",
    "bedrooms": 1,
    "beds": 3,
    "bathrooms": 2,
    "price": 219,
    "security_deposit": 139,
    "cleaning_fee": 71
  },
  {
    "name": "Modern City Studio",
    "summary": "A cozy bungalow near the beach.",
    "size": 165,
    "description": "Enjoy a relaxing stay in this bungalow with easy beach access.",
    "minimum_nights": "1",
    "maximum_nights": "60",
    "bedrooms": 4,
    "beds": 5,
    "bathrooms": 1,
    "price": 140,
    "security_deposit": 397,
    "cleaning_fee": 54
  },
  {
    "name": "Rustic Lake House",
    "summary": "A cozy cottage with a beautiful garden.",
    "size": 162,
    "description": "This charming cottage offers a peaceful retreat with all modern amenities.",
    "minimum_nights": "1",
    "maximum_nights": "34",
    "bedrooms": 0,
    "beds": 1,
    "bathrooms": 1,
    "price": 157,
    "security_deposit": 293,
    "cleaning_fee": 58
  },
  {
    "name": "Elegant Urban Retreat",
    "summary": "A sleek and modern apartment in the city center.",
    "size": 176,
    "description": "Enjoy your stay in this modern apartment with easy access to public transport.",
    "minimum_nights": "2",
    "maximum_nights": "44",
    "bedrooms": 5,
    "beds": 5,
    "bathrooms": 3,
    "price": 186,
    "security_deposit": 384,
    "cleaning_fee": 89
  },
  {
    "name": "Sunny Beachfront Suite",
    "summary": "A luxurious villa with a private pool.",
    "size": 137,
    "description": "Experience luxury in this spacious villa with stunning views.",
    "minimum_nights": "2",
    "maximum_nights": "27",
    "bedrooms": 4,
    "beds": 1,
    "bathrooms": 3,
    "price": 114,
    "security_deposit": 208,
    "cleaning_fee": 33
  },
  {
    "name": "Historic Seaside Villa",
    "summary": "A rustic cabin surrounded by nature.",
    "size": 176,
    "description": "Escape to this rustic cabin and enjoy the tranquility of nature.",
    "minimum_nights": "2",
    "maximum_nights": "53",
    "bedrooms": 5,
    "beds": 6,
    "bathrooms": 3,
    "price": 235,
    "security_deposit": 377,
    "cleaning_fee": 47
  },
  {
    "name": "Chic Downtown Condo",
    "summary": "A beachfront condo with stunning ocean views.",
    "size": 199,
    "description": "Wake up to the sound of waves in this beautiful beachfront condo.",
    "minimum_nights": "2",
    "maximum_nights": "20",
    "bedrooms": 0,
    "beds": 1,
    "bathrooms": 3,
    "price": 86,
    "security_deposit": 103,
    "cleaning_fee": 52
  },
  {
    "name": "Cozy Garden Cottage",
    "summary": "A cozy lodge in the mountains.",
    "size": 94,
    "description": "Perfect for a winter getaway, this lodge offers stunning mountain views.",
    "minimum_nights": "1",
    "maximum_nights": "32",
    "bedrooms": 1,
    "beds": 4,
    "bathrooms": 3,
    "price": 294,
    "security_deposit": 255,
    "cleaning_fee": 87
  },
  {
    "name": "Secluded Mountain Chalet",
    "summary": "A compact and efficient studio in the heart of the city.",
    "size": 171,
    "description": "Ideal for solo travelers or couples, this studio offers all essentials.",
    "minimum_nights": "2",
    "maximum_nights": "19",
    "bedrooms": 3,
    "beds": 2,
    "bathrooms": 2,
    "price": 141,
    "security_deposit": 434,
    "cleaning_fee": 75
  },
  {
    "name": "Stylish Urban Loft",
    "summary": "A charming country house with a large garden.",
    "size": 78,
    "description": "Relax in this spacious country house with beautiful surroundings.",
    "minimum_nights": "3",
    "maximum_nights": "15",
    "bedrooms": 5,
    "beds": 1,
    "bathrooms": 2,
    "price": 260,
    "security_deposit": 444,
    "cleaning_fee": 39
  },
  {
    "name": "Quaint Beach Bungalow",
    "summary": "A stylish loft in the downtown area.",
    "size": 72,
    "description": "Stay in this trendy loft with easy access to restaurants and shops.",
    "minimum_nights": "2",
    "maximum_nights": "35",
    "bedrooms": 4,
    "beds": 6,
    "bathrooms": 1,
    "price": 144,
    "security_deposit": 494,
    "cleaning_fee": 36
  },
  {
    "name": "Scenic River House",
    "summary": "A cozy bungalow near the beach.",
    "size": 191,
    "description": "Enjoy a relaxing stay in this bungalow with easy beach access.",
    "minimum_nights": "1",
    "maximum_nights": "43",
    "bedrooms": 3,
    "beds": 1,
    "bathrooms": 1,
    "price": 138,
    "security_deposit": 478,
    "cleaning_fee": 42
  },
  {
    "name": "Luxury Urban Loft",
    "summary": "A cozy cottage with a beautiful garden.",
    "size": 61,
    "description": "This charming cottage offers a peaceful retreat with all modern amenities.",
    "minimum_nights": "1",
    "maximum_nights": "29",
    "bedrooms": 0,
    "beds": 1,
    "bathrooms": 3,
    "price": 228,
    "security_deposit": 153,
    "cleaning_fee": 40
  },
  {
    "name": "Rustic Mountain Cabin",
    "summary": "A sleek and modern apartment in the city center.",
    "size": 116,
    "description": "Enjoy your stay in this modern apartment with easy access to public transport.",
    "minimum_nights": "1",
    "maximum_nights": "30",
    "bedrooms": 5,
    "beds": 2,
    "bathrooms": 2,
    "price": 240,
    "security_deposit": 444,
    "cleaning_fee": 93
  },
  {
    "name": "Elegant Lakeside Villa",
    "summary": "A luxurious villa with a private pool.",
    "size": 44,
    "description": "Experience luxury in this spacious villa with stunning views.",
    "minimum_nights": "2",
    "maximum_nights": "10",
    "bedrooms": 0,
    "beds": 1,
    "bathrooms": 1,
    "price": 166,
    "security_deposit": 184,
    "cleaning_fee": 53
  },
  {
    "name": "Modern Country Retreat",
    "summary": "A rustic cabin surrounded by nature.",
    "size": 124,
    "description": "Escape to this rustic cabin and enjoy the tranquility of nature.",
    "minimum_nights": "1",
    "maximum_nights": "54",
    "bedrooms": 4,
    "beds": 2,
    "bathrooms": 1,
    "price": 273,
    "security_deposit": 121,
    "cleaning_fee": 34
  },
  {
    "name": "Charming Forest Cottage",
    "summary": "A beachfront condo with stunning ocean views.",
    "size": 163,
    "description": "Wake up to the sound of waves in this beautiful beachfront condo.",
    "minimum_nights": "1",
    "maximum_nights": "54",
    "bedrooms": 2,
    "beds": 6,
    "bathrooms": 3,
    "price": 193,
    "security_deposit": 278,
    "cleaning_fee": 89
  },
  {
    "name": "Cozy Downtown Studio",
    "summary": "A cozy lodge in the mountains.",
    "size": 186,
    "description": "Perfect for a winter getaway, this lodge offers stunning mountain views.",
    "minimum_nights": "3",
    "maximum_nights": "59",
    "bedrooms": 2,
    "beds": 2,
    "bathrooms": 1,
    "price": 295,
    "security_deposit": 492,
    "cleaning_fee": 33
  },
  {
    "name": "Beachside Luxury Condo",
    "summary": "A compact and efficient studio in the heart of the city.",
    "size": 71,
    "description": "Ideal for solo travelers or couples, this studio offers all essentials.",
    "minimum_nights": "2",
    "maximum_nights": "53",
    "bedrooms": 5,
    "beds": 2,
    "bathrooms": 3,
    "price": 169,
    "security_deposit": 249,
    "cleaning_fee": 86
  },
  {
    "name": "Historic Country Inn",
    "summary": "A charming country house with a large garden.",
    "size": 56,
    "description": "Relax in this spacious country house with beautiful surroundings.",
    "minimum_nights": "1",
    "maximum_nights": "23",
    "bedrooms": 1,
    "beds": 6,
    "bathrooms": 1,
    "price": 216,
    "security_deposit": 218,
    "cleaning_fee": 75
  },
  {
    "name": "Scenic Mountain Bungalow",
    "summary": "A stylish loft in the downtown area.",
    "size": 129,
    "description": "Stay in this trendy loft with easy access to restaurants and shops.",
    "minimum_nights": "3",
    "maximum_nights": "36",
    "bedrooms": 1,
    "beds": 6,
    "bathrooms": 3,
    "price": 239,
    "security_deposit": 221,
    "cleaning_fee": 81
  },
  {
    "name": "Trendy Urban Loft",
    "summary": "A cozy bungalow near the beach.",
    "size": 59,
    "description": "Enjoy a relaxing stay in this bungalow with easy beach access.",
    "minimum_nights": "3",
    "maximum_nights": "29",
    "bedrooms": 2,
    "beds": 3,
    "bathrooms": 1,
    "price": 296,
    "security_deposit": 163,
    "cleaning_fee": 81
  },
  {
    "name": "Luxurious Garden Villa",
    "summary": "A cozy cottage with a beautiful garden.",
    "size": 150,
    "description": "This charming cottage offers a peaceful retreat with all modern amenities.",
    "minimum_nights": "2",
    "maximum_nights": "55",
    "bedrooms": 4,
    "beds": 5,
    "bathrooms": 3,
    "price": 110,
    "security_deposit": 474,
    "cleaning_fee": 96
  },
  {
    "name": "Charming Seaside Retreat",
    "summary": "A sleek and modern apartment in the city center.",
    "size": 74,
    "description": "Enjoy your stay in this modern apartment with easy access to public transport.",
    "minimum_nights": "2",
    "maximum_nights": "16",
    "bedrooms": 4,
    "beds": 4,
    "bathrooms": 3,
    "price": 218,
    "security_deposit": 294,
    "cleaning_fee": 49
  },
  {
    "name": "Modern Downtown Apartment",
    "summary": "A luxurious villa with a private pool.",
    "size": 44,
    "description": "Experience luxury in this spacious villa with stunning views.",
    "minimum_nights": "2",
    "maximum_nights": "50",
    "bedrooms": 4,
    "beds": 5,
    "bathrooms": 2,
    "price": 128,
    "security_deposit": 309,
    "cleaning_fee": 55
  },
  {
    "name": "Rustic Beach Cottage",
    "summary": "A rustic cabin surrounded by nature.",
    "size": 147,
    "description": "Escape to this rustic cabin and enjoy the tranquility of nature.",
    "minimum_nights": "1",
    "maximum_nights": "15",
    "bedrooms": 4,
    "beds": 6,
    "bathrooms": 2,
    "price": 246,
    "security_deposit": 367,
    "cleaning_fee": 80
  },
  {
    "name": "Elegant Riverfront House",
    "summary": "A beachfront condo with stunning ocean views.",
    "size": 76,
    "description": "Wake up to the sound of waves in this beautiful beachfront condo.",
    "minimum_nights": "2",
    "maximum_nights": "23",
    "bedrooms": 4,
    "beds": 3,
    "bathrooms": 1,
    "price": 220,
    "security_deposit": 189,
    "cleaning_fee": 84
  },
  {
    "name": "Sunny Coastal Retreat",
    "summary": "A cozy lodge in the mountains.",
    "size": 75,
    "description": "Perfect for a winter getaway, this lodge offers stunning mountain views.",
    "minimum_nights": "3",
    "maximum_nights": "14",
    "bedrooms": 0,
    "beds": 5,
    "bathrooms": 2,
    "price": 119,
    "security_deposit": 106,
    "cleaning_fee": 82
  },
  {
    "name": "Cozy Woodland Cabin",
    "summary": "A compact and efficient studio in the heart of the city.",
    "size": 42,
    "description": "Ideal for solo travelers or couples, this studio offers all essentials.",
    "minimum_nights": "3",
    "maximum_nights": "37",
    "bedrooms": 3,
    "beds": 1,
    "bathrooms": 2,
    "price": 233,
    "security_deposit": 315,
    "cleaning_fee": 49
  },
  {
    "name": "Stylish Urban Suite",
    "summary": "A charming country house with a large garden.",
    "size": 178,
    "description": "Relax in this spacious country house with beautiful surroundings.",
    "minimum_nights": "2",
    "maximum_nights": "49",
    "bedrooms": 3,
    "beds": 5,
    "bathrooms": 1,
    "price": 91,
    "security_deposit": 407,
    "cleaning_fee": 42
  },
  {
    "name": "Charming Lakeside House",
    "summary": "A stylish loft in the downtown area.",
    "size": 119,
    "description": "Stay in this trendy loft with easy access to restaurants and shops.",
    "minimum_nights": "2",
    "maximum_nights": "33",
    "bedrooms": 5,
    "beds": 4,
    "bathrooms": 3,
    "price": 186,
    "security_deposit": 354,
    "cleaning_fee": 95
  },
  {
    "name": "Scenic Beachfront Villa",
    "summary": "A cozy bungalow near the beach.",
    "size": 112,
    "description": "Enjoy a relaxing stay in this bungalow with easy beach access.",
    "minimum_nights": "3",
    "maximum_nights": "49",
    "bedrooms": 2,
    "beds": 1,
    "bathrooms": 1,
    "price": 148,
    "security_deposit": 482,
    "cleaning_fee": 33
  }
]
